<?xml version="1.0" encoding="UTF-8"?>
<project-private xmlns="http://www.netbeans.org/ns/project-private/1">
    <editor-bookmarks xmlns="http://www.netbeans.org/ns/editor-bookmarks/2" lastBookmarkId="0"/>
    <open-files xmlns="http://www.netbeans.org/ns/projectui-open-files/2">
        <group>
            <file>file:/C:/Users/Sam/OneDrive/Documents/My%20Java%20Projects/My%20Java%20Projects/CalenderSecondAttempt/src/Mainpackage/PanelForm.java</file>
            <file>file:/C:/Users/Sam/OneDrive/Documents/My%20Java%20Projects/My%20Java%20Projects/CalenderSecondAttempt/src/Mainpackage/MainFrame.java</file>
            <file>file:/C:/Users/Sam/OneDrive/Documents/My%20Java%20Projects/My%20Java%20Projects/CalenderSecondAttempt/src/Mainpackage/Cells.java</file>
            <file>file:/C:/Users/Sam/OneDrive/Documents/My%20Java%20Projects/My%20Java%20Projects/CalenderSecondAttempt/src/Mainpackage/CalenderForm.java</file>
            <file>file:/C:/Users/Sam/OneDrive/Documents/My%20Java%20Projects/My%20Java%20Projects/CalenderSecondAttempt/src/SwingPack/PanelSlide1.java</file>
        </group>
    </open-files>
</project-private>
